ID,Year,Rank,Title,Artist,Source
201901,2019,1,Old Town Road,Lil Nas X Featuring Billy Ray Cyrus,https://genius.com/Lil-nas-x-old-town-road-remix-lyrics
201902,2019,2,Sunflower,Post Malone & Swae Lee,https://genius.com/Post-malone-and-swae-lee-sunflower-lyrics
201903,2019,3,Without Me,Halsey,https://genius.com/Halsey-without-me-lyrics
201904,2019,4,Bad Guy,Billie Eilish,https://genius.com/Billie-eilish-bad-guy-lyrics
201905,2019,5,Wow.,Post Malone,https://genius.com/Post-malone-wow-lyrics
201906,2019,6,Happier,Marshmello & Bastille,https://genius.com/Marshmello-and-bastille-happier-lyrics
201907,2019,7,7 Rings,Ariana Grande,https://genius.com/Ariana-grande-7-rings-lyrics
201908,2019,8,Talk,Khalid,https://genius.com/Khalid-talk-lyrics
201909,2019,9,Sicko Mode,Travis Scott,https://genius.com/Travis-scott-sicko-mode-lyrics
201910,2019,10,Sucker,Jonas Brothers,https://genius.com/Jonas-brothers-sucker-lyrics
201801,2018,1,God's Plan,Drake,https://genius.com/Drake-gods-plan-lyrics
201802,2018,2,Perfect,Ed Sheeran,https://genius.com/Ed-sheeran-perfect-lyrics
201803,2018,3,Meant To Be,Bebe Rexha & Florida Georgia Line,https://genius.com/Bebe-rexha-meant-to-be-lyrics
201804,2018,4,Havana,Camila Cabello Featuring Young Thug,https://genius.com/Camila-cabello-havana-lyrics
201805,2018,5,Rockstar,Post Malone Featuring 21 Savage,https://genius.com/Post-malone-rockstar-lyrics
201806,2018,6,Psycho,Post Malone Featuring Ty Dolla $ign,https://genius.com/Post-malone-psycho-lyrics
201807,2018,7,The Middle,"Zedd, Maren Morris & Grey",https://genius.com/Zedd-maren-morris-and-grey-the-middle-lyrics
201808,2018,8,In My Feelings,Drake,https://genius.com/Drake-in-my-feelings-lyrics
201809,2018,9,Girls Like You,Maroon 5 Featuring Cardi B,https://genius.com/Maroon-5-girls-like-you-remix-lyrics
201810,2018,10,Nice for What,Drake,https://genius.com/Drake-nice-for-what-lyrics
201701,2017,1,Shape Of You,Ed Sheeran,https://genius.com/Ed-sheeran-shape-of-you-lyrics
201702,2017,2,That's What I Like,Bruno Mars,https://genius.com/Bruno-mars-thats-what-i-like-lyrics
201703,2017,3,Humble.,Kendrick Lamar,https://genius.com/Kendrick-lamar-humble-lyrics
201704,2017,4,Something Just Like This,The Chainsmokers & Coldplay,https://genius.com/The-chainsmokers-and-coldplay-something-just-like-this-lyrics
201705,2017,5,Bad And Boujee,Migos Featuring Lil Uzi Vert,https://genius.com/Migos-bad-and-boujee-lyrics
201706,2017,6,Closer,The Chainsmokers Featuring Halsey,https://genius.com/The-chainsmokers-closer-lyrics
201707,2017,7,Body Like A Back Road,Sam Hunt,https://genius.com/Sam-hunt-body-like-a-back-road-lyrics
201708,2017,8,Believer,Imagine Dragons,https://genius.com/Imagine-dragons-believer-lyrics
201709,2017,9,Congratulations,Post Malone Featuring Quavo,https://genius.com/Post-malone-congratulations-lyrics
201710,2017,10,Say You Won't Let Go,James Arthur,https://genius.com/James-arthur-say-you-wont-let-go-lyrics
201601,2016,1,Love Yourself,Justin Bieber,https://genius.com/Justin-bieber-love-yourself-lyrics
201602,2016,2,Sorry,Justin Bieber,https://genius.com/Justin-bieber-sorry-lyrics
201603,2016,3,One Dance,Drake Featuring WizKid & Kyla,https://genius.com/Drake-one-dance-lyrics
201604,2016,4,Stressed Out,twenty one pilots,https://genius.com/Twenty-one-pilots-stressed-out-lyrics
201605,2016,5,Panda,Desiigner,https://genius.com/Desiigner-panda-lyrics
201606,2016,6,Hello,Adele,https://genius.com/Adele-hello-lyrics
201607,2016,7,Don't Let Me Down,The Chainsmokers Featuring Daya,https://genius.com/The-chainsmokers-dont-let-me-down-lyrics
201608,2016,8,Can't Stop The Feeling!,Justin Timberlake,https://genius.com/Justin-timberlake-cant-stop-the-feeling-lyrics
201609,2016,9,Closer,The Chainsmokers Featuring Halsey,https://genius.com/The-chainsmokers-closer-lyrics
201610,2016,10,Cheap Thrills,Sia featuring Sean Paul,https://genius.com/Sia-cheap-thrills-lyrics
201501,2015,1,Uptown Funk!,Mark Ronson Featuring Bruno Mars,https://genius.com/Mark-ronson-uptown-funk-lyrics
201502,2015,2,Thinking Out Loud,Ed Sheeran,https://genius.com/Ed-sheeran-thinking-out-loud-lyrics
201503,2015,3,See You Again,Wiz Khalifa Featuring Charlie Puth,https://genius.com/Wiz-khalifa-see-you-again-lyrics
201504,2015,4,Trap Queen,Fetty Wap,https://genius.com/Fetty-wap-trap-queen-lyrics
201505,2015,5,Sugar,Maroon 5,https://genius.com/Maroon-5-sugar-lyrics
201506,2015,6,Shut Up And Dance,WALK THE MOON,https://genius.com/Walk-the-moon-shut-up-and-dance-lyrics
201507,2015,7,Blank Space,Taylor Swift,https://genius.com/Taylor-swift-blank-space-lyrics
201508,2015,8,Watch Me,Silento,https://genius.com/Silento-watch-me-whip-nae-nae-lyrics
201509,2015,9,Earned It,The Weeknd,https://genius.com/The-weeknd-earned-it-lyrics
201510,2015,10,Cheerleader (Felix Jaehn Remix),OMI,https://genius.com/Omi-cheerleader-felix-jaehn-remix-lyrics
201401,2014,1,Happy,Pharrell Williams,https://genius.com/Pharrell-williams-happy-lyrics
201402,2014,2,Dark Horse,Katy Perry Featuring Juicy J,https://genius.com/Katy-perry-dark-horse-lyrics
201403,2014,3,All Of Me,John Legend,https://genius.com/John-legend-all-of-me-lyrics
201404,2014,4,Fancy,Iggy Azalea Featuring Charli XCX,https://genius.com/Iggy-azalea-fancy-lyrics
201405,2014,5,Counting Stars,OneRepublic,https://genius.com/Onerepublic-counting-stars-lyrics
201406,2014,6,Talk Dirty,Jason Derulo Featuring 2 Chainz,https://genius.com/Jason-derulo-talk-dirty-lyrics
201407,2014,7,Rude,MAGIC!,https://genius.com/Magic-rude-lyrics
201408,2014,8,All About That Bass,Meghan Trainor,https://genius.com/Meghan-trainor-all-about-that-bass-lyrics
201409,2014,9,Problem,Ariana Grande Featuring Iggy Azalea,https://genius.com/Ariana-grande-problem-lyrics
201410,2014,10,Stay With Me,Sam Smith,https://genius.com/Sam-smith-stay-with-me-lyrics
201301,2013,1,Thrift Shop,Macklemore & Ryan Lewis Featuring Wanz,https://genius.com/Macklemore-and-ryan-lewis-thrift-shop-lyrics
201302,2013,2,Blurred Lines,Robin Thicke Featuring T.I. + Pharrell,https://genius.com/Robin-thicke-blurred-lines-lyrics
201303,2013,3,Radioactive,Imagine Dragons,https://genius.com/Imagine-dragons-radioactive-lyrics
201304,2013,4,Can't Hold Us,Macklemore & Ryan Lewis Featuring Ray Dalton,https://genius.com/Macklemore-and-ryan-lewis-cant-hold-us-lyrics
201305,2013,5,Mirrors,Justin Timberlake,https://genius.com/Justin-timberlake-mirrors-lyrics
201306,2013,6,Just Give Me A Reason,P!nk Featuring Nate Ruess,https://genius.com/P-nk-just-give-me-a-reason-lyrics
201307,2013,7,When I Was Your Man,Bruno Mars,https://genius.com/Bruno-mars-when-i-was-your-man-lyrics
201308,2013,8,Cruise,Florida Georgia Line Featuring Nelly,https://genius.com/Florida-georgia-line-cruise-remix-lyrics
201309,2013,9,Roar,Katy Perry,https://genius.com/Katy-perry-roar-lyrics
201310,2013,10,Locked Out of Heaven,Bruno Mars,https://genius.com/Bruno-mars-locked-out-of-heaven-lyrics
201201,2012,1,Somebody That I Used To Know,Gotye Featuring Kimbra,https://genius.com/Gotye-somebody-that-i-used-to-know-lyrics
201202,2012,2,Call Me Maybe,Carly Rae Jepsen,https://genius.com/Carly-rae-jepsen-call-me-maybe-lyrics
201203,2012,3,We Are Young,fun. Featuring Janelle Monae,https://genius.com/Fun-we-are-young-lyrics
201204,2012,4,Payphone,Maroon 5 Featuring Wiz Khalifa,https://genius.com/Maroon-5-payphone-lyrics
201205,2012,5,Lights,Ellie Goulding,https://genius.com/Ellie-goulding-lights-lyrics
201206,2012,6,Glad You Came,The Wanted,https://genius.com/The-wanted-glad-you-came-lyrics
201207,2012,7,Stronger (What Doesn't Kill You),Kelly Clarkson,https://genius.com/Kelly-clarkson-stronger-what-doesnt-kill-you-lyrics
201208,2012,8,We Found Love,Rihanna Featuring Calvin Harris,https://genius.com/Rihanna-we-found-love-lyrics
201209,2012,9,Starships,Nicki Minaj,https://genius.com/Nicki-minaj-starships-lyrics
201210,2012,10,What Makes You Beautiful,One Direction,https://genius.com/One-direction-what-makes-you-beautiful-lyrics
201101,2011,1,Rolling In The Deep,Adele,https://genius.com/Adele-rolling-in-the-deep-lyrics
201102,2011,2,Party Rock Anthem,LMFAO Featuring Lauren Bennett & GoonRock,https://genius.com/Lmfao-party-rock-anthem-lyrics
201103,2011,3,Firework,Katy Perry,https://genius.com/Katy-perry-firework-lyrics
201104,2011,4,E.T.,Katy Perry Featuring Kanye West,https://genius.com/Katy-perry-et-remix-lyrics
201105,2011,5,Give Me Everything,"Pitbull Featuring Ne-Yo, Afrojack & Nayer",https://genius.com/Pitbull-give-me-everything-lyrics
201106,2011,6,Grenade,Bruno Mars,https://genius.com/Bruno-mars-grenade-lyrics
201107,2011,7,F**K You (Forget You),CeeLo Green,https://genius.com/Ceelo-green-fuck-you-lyrics
201108,2011,8,Super Bass,Nicki Minaj,https://genius.com/Nicki-minaj-super-bass-lyrics
201109,2011,9,Moves Like Jagger,Maroon 5 Featuring Christina Aguilera,https://genius.com/Maroon-5-moves-like-jagger-lyrics
201110,2011,10,Just Can't Get Enough,The Black Eyed Peas,https://genius.com/Black-eyed-peas-just-cant-get-enough-lyrics
201001,2010,1,TiK ToK,Ke$ha,https://genius.com/Kesha-tik-tok-lyrics
201002,2010,2,Need You Now,Lady Antebellum,https://genius.com/Lady-a-need-you-now-lyrics
201003,2010,3,"Hey, Soul Sister",Train,https://genius.com/Train-hey-soul-sister-lyrics
201004,2010,4,California Gurls,Katy Perry Featuring Snoop Dogg,https://genius.com/Katy-perry-california-gurls-lyrics
201005,2010,5,OMG,Usher Featuring will.i.am,https://genius.com/Usher-omg-lyrics
201006,2010,6,Airplanes,B.o.B Featuring Hayley Williams,https://genius.com/Bob-airplanes-lyrics
201007,2010,7,Love The Way You Lie,Eminem Featuring Rihanna,https://genius.com/Eminem-love-the-way-you-lie-lyrics
201008,2010,8,Bad Romance,Lady Gaga,https://genius.com/Lady-gaga-bad-romance-lyrics
201009,2010,9,Dynamite,Taio Cruz,https://genius.com/Taio-cruz-dynamite-lyrics
201010,2010,10,Break Your Heart,Taio Cruz Featuring Ludacris,https://genius.com/Taio-cruz-break-your-heart-remix-lyrics
200901,2009,1,Boom Boom Pow,The Black Eyed Peas,https://genius.com/Black-eyed-peas-boom-boom-pow-lyrics
200902,2009,2,Poker Face,Lady Gaga,https://genius.com/Lady-gaga-poker-face-lyrics
200903,2009,3,Just Dance,Lady Gaga Featuring Colby O'Donis,https://genius.com/Lady-gaga-just-dance-lyrics
200904,2009,4,I Gotta Feeling,The Black Eyed Peas,https://genius.com/Black-eyed-peas-i-gotta-feeling-lyrics
200905,2009,5,Love Story,Taylor Swift,https://genius.com/Taylor-swift-love-story-lyrics
200906,2009,6,Right Round,Flo Rida,https://genius.com/Flo-rida-right-round-lyrics
200907,2009,7,I'm Yours,Jason Mraz,https://genius.com/Jason-mraz-im-yours-lyrics
200908,2009,8,Single Ladies (Put A Ring On It),Beyonce,https://genius.com/Beyonce-single-ladies-put-a-ring-on-it-lyrics
200909,2009,9,Heartless,Kanye West,https://genius.com/Kanye-west-heartless-lyrics
200910,2009,10,Gives You Hell,The All-American Rejects,https://genius.com/The-all-american-rejects-gives-you-hell-lyrics
200801,2008,1,Low,Flo Rida Featuring T-Pain,https://genius.com/Flo-rida-low-lyrics
200802,2008,2,Bleeding Love,Leona Lewis,https://genius.com/Leona-lewis-bleeding-love-lyrics
200803,2008,3,No One,Alicia Keys,https://genius.com/Alicia-keys-no-one-lyrics
200804,2008,4,Lollipop,Lil Wayne Featuring Static Major,https://genius.com/Lil-wayne-lollipop-lyrics
200805,2008,5,Apologize,Timbaland Featuring OneRepublic,https://genius.com/Timbaland-apologize-lyrics
200806,2008,6,No Air,Jordin Sparks & Chris Brown,https://genius.com/Jordin-sparks-no-air-lyrics
200807,2008,7,Love Song,Sara Bareilles,https://genius.com/Sara-bareilles-love-song-lyrics
200808,2008,8,Love In This Club,Usher Featuring Young Jeezy,https://genius.com/Usher-love-in-this-club-lyrics
200809,2008,9,With You,Chris Brown,https://genius.com/Chris-brown-with-you-lyrics
200810,2008,10,Forever,Chris Brown,https://genius.com/Chris-brown-forever-lyrics
200701,2007,1,Irreplaceable,Beyonce,https://genius.com/Beyonce-irreplaceable-lyrics
200702,2007,2,Umbrella,Rihanna Featuring Jay-Z,https://genius.com/Rihanna-umbrella-lyrics
200703,2007,3,The Sweet Escape,Gwen Stefani Featuring Akon,https://genius.com/Gwen-stefani-the-sweet-escape-lyrics
200704,2007,4,Big Girls Don't Cry,Fergie,https://genius.com/Fergie-big-girls-dont-cry-personal-lyrics
200705,2007,5,Buy U A Drank (Shawty Snappin'),T-Pain Featuring Yung Joc,https://genius.com/T-pain-buy-u-a-drank-shawty-snappin-lyrics
200706,2007,6,Before He Cheats,Carrie Underwood,https://genius.com/Carrie-underwood-before-he-cheats-lyrics
200707,2007,7,Hey There Delilah,Plain White T's,https://genius.com/Plain-white-ts-hey-there-delilah-lyrics
200708,2007,8,I Wanna Love You,Akon Featuring Snoop Dogg,https://genius.com/Akon-i-wanna-love-you-lyrics
200709,2007,9,Say It Right,Nelly Furtado,https://genius.com/Nelly-furtado-say-it-right-lyrics
200710,2007,10,Glamorous,Fergie Featuring Ludacris,https://genius.com/Fergie-glamorous-lyrics
200601,2006,1,Bad Day,Daniel Powter,https://genius.com/Daniel-powter-bad-day-lyrics
200602,2006,2,Promiscuous,Nelly Furtado Featuring Timbaland,https://genius.com/Nelly-furtado-promiscuous-lyrics
200603,2006,3,You're Beautiful,James Blunt,https://genius.com/James-blunt-youre-beautiful-lyrics
200604,2006,4,Unwritten,Natasha Bedingfield,https://genius.com/Natasha-bedingfield-unwritten-lyrics
200605,2006,5,Crazy,Gnarls Barkley,https://genius.com/Gnarls-barkley-crazy-lyrics
200606,2006,6,Ridin',Chamillionaire Featuring Krayzie Bone,https://genius.com/Chamillionaire-ridin-lyrics
200607,2006,7,SexyBack,Justin Timberlake,https://genius.com/Justin-timberlake-sexyback-lyrics
200608,2006,8,Check On It,Beyonce Featuring Slim Thug,https://genius.com/Beyonce-check-on-it-lp-version-lyrics
200609,2006,9,Be Without You,Mary J. Blige,https://genius.com/Mary-j-blige-be-without-you-lyrics
200610,2006,10,Grillz,"Nelly, Paul Wall and Ali & Gipp",https://genius.com/Nelly-grillz-lyrics
200501,2005,1,We Belong Together,Mariah Carey,https://genius.com/Mariah-carey-we-belong-together-lyrics
200502,2005,2,Hollaback Girl,Gwen Stefani,https://genius.com/Gwen-stefani-hollaback-girl-lyrics
200503,2005,3,Let Me Love You,Mario,https://genius.com/Mario-let-me-love-you-lyrics
200504,2005,4,Since U Been Gone,Kelly Clarkson,https://genius.com/Kelly-clarkson-since-u-been-gone-lyrics
200505,2005,5,"1, 2 Step",Ciara featuring Missy Elliott,https://genius.com/Ciara-1-2-step-lyrics
200506,2005,6,Gold Digger,Kanye West featuring Jamie Foxx,https://genius.com/Kanye-west-gold-digger-lyrics
200507,2005,7,Boulevard of Broken Dreams,Green Day,https://genius.com/Green-day-boulevard-of-broken-dreams-lyrics
200508,2005,8,Candy Shop,50 Cent featuring Olivia,https://genius.com/50-cent-candy-shop-lyrics
200509,2005,9,Don't Cha,The Pussycat Dolls featuring Busta Rhymes,https://genius.com/The-pussycat-dolls-dont-cha-lyrics
200510,2005,10,Behind These Hazel Eyes,Kelly Clarkson,https://genius.com/Kelly-clarkson-behind-these-hazel-eyes-lyrics
200401,2004,1,Yeah!,Usher featuring Lil Jon and Ludacris,https://genius.com/Usher-yeah-lyrics
200402,2004,2,Burn,Usher,https://genius.com/Usher-burn-lyrics
200403,2004,3,If I Ain't Got You,Alicia Keys,https://genius.com/Alicia-keys-if-i-aint-got-you-lyrics
200404,2004,4,This Love,Maroon 5,https://genius.com/Maroon-5-this-love-lyrics
200405,2004,5,The Way You Move,OutKast featuring Sleepy Brown,https://genius.com/Outkast-the-way-you-move-lyrics
200406,2004,6,The Reason,Hoobastank,https://genius.com/Hoobastank-the-reason-lyrics
200407,2004,7,I Don't Wanna Know,Mario Winans featuring Enya and P. Diddy,https://genius.com/Mario-winans-i-dont-wanna-know-lyrics
200408,2004,8,Hey Ya!,OutKast,https://genius.com/Outkast-hey-ya-lyrics
200409,2004,9,Goodies,Ciara featuring Petey Pablo,https://genius.com/Ciara-goodies-lyrics
200410,2004,10,Lean Back,Terror Squad featuring Fat Joe and Remy Ma,https://genius.com/Terror-squad-lean-back-lyrics
200301,2003,1,In da Club,50 Cent,https://genius.com/50-cent-in-da-club-lyrics
200302,2003,2,Ignition,R. Kelly,https://genius.com/R-kelly-ignition-remix-lyrics
200303,2003,3,Crazy in Love,Beyoncé featuring Jay-Z,https://genius.com/Beyonce-crazy-in-love-lyrics
200304,2003,4,When I'm Gone,3 Doors Down,https://genius.com/3-doors-down-when-im-gone-lyrics
200305,2003,5,Unwell,Matchbox Twenty,https://genius.com/Matchbox-twenty-unwell-lyrics
200306,2003,6,Right Thurr,Chingy,https://genius.com/Chingy-right-thurr-lyrics
200307,2003,7,Miss You,Aaliyah,https://genius.com/Aaliyah-miss-you-lyrics
200308,2003,8,Picture,Kid Rock featuring Sheryl Crow,https://genius.com/Kid-rock-picture-lyrics
200309,2003,9,Bring Me to Life,Evanescence featuring Paul McCoy,https://genius.com/Evanescence-bring-me-to-life-lyrics
200310,2003,10,Get Low,Lil Jon & The East Side Boyz featuring Ying Yang Twins,https://genius.com/Lil-jon-and-the-east-side-boyz-get-low-lyrics
200201,2002,1,How You Remind Me,Nickelback,https://genius.com/Nickelback-how-you-remind-me-lyrics
200202,2002,2,Foolish,Ashanti,https://genius.com/Ashanti-foolish-lyrics
200203,2002,3,Hot in Herre,Nelly,https://genius.com/Nelly-hot-in-herre-lyrics
200204,2002,4,Dilemma,Nelly featuring Kelly Rowland,https://genius.com/Nelly-dilemma-lyrics
200205,2002,5,Wherever You Will Go,The Calling,https://genius.com/The-calling-wherever-you-will-go-lyrics
200206,2002,6,A Thousand Miles,Vanessa Carlton,https://genius.com/Vanessa-carlton-a-thousand-miles-lyrics
200207,2002,7,In the End,Linkin Park,https://genius.com/Linkin-park-in-the-end-lyrics
200208,2002,8,What's Luv?,Fat Joe featuring Ashanti,https://genius.com/Fat-joe-whats-luv-lyrics
200209,2002,9,U Got It Bad,Usher,https://genius.com/Usher-u-got-it-bad-lyrics
200210,2002,10,Blurry,Puddle of Mudd,https://genius.com/Puddle-of-mudd-blurry-lyrics
200101,2001,1,Hanging by a Moment,Lifehouse,https://genius.com/Lifehouse-hanging-by-a-moment-lyrics
200102,2001,2,Fallin',Alicia Keys,https://genius.com/Alicia-keys-fallin-lyrics
200103,2001,3,All for You,Janet,https://genius.com/Janet-jackson-all-for-you-lyrics
200104,2001,4,Drops of Jupiter (Tell Me),Train,https://genius.com/Train-drops-of-jupiter-lyrics
200105,2001,5,I'm Real (Murder Remix),Jennifer Lopez featuring Ja Rule,https://genius.com/Jennifer-lopez-im-real-murder-remix-lyrics
200106,2001,6,If You're Gone,Matchbox Twenty,https://genius.com/Matchbox-twenty-if-youre-gone-lyrics
200107,2001,7,Let Me Blow Ya Mind,Eve featuring Gwen Stefani,https://genius.com/Eve-let-me-blow-ya-mind-lyrics
200108,2001,8,Thank You,Dido,https://genius.com/Dido-thank-you-lyrics
200109,2001,9,Again,Lenny Kravitz,https://genius.com/Lenny-kravitz-again-lyrics
200110,2001,10,Independent Women Part I,Destiny's Child,https://genius.com/Destinys-child-independent-women-part-1-lyrics
200001,2000,1,Breathe,Faith Hill,https://genius.com/Faith-hill-breathe-lyrics
200002,2000,2,Smooth,Santana featuring Rob Thomas,https://genius.com/Santana-smooth-lyrics
200003,2000,3,I Wanna Know,Joe,https://genius.com/Joe-i-wanna-know-lyrics
200004,2000,4,Everything You Want,Vertical Horizon,https://genius.com/Vertical-horizon-everything-you-want-lyrics
200005,2000,5,Say My Name,Destiny's Child,https://genius.com/Destinys-child-say-my-name-lyrics
200006,2000,6,I Knew I Loved You,Savage Garden,https://genius.com/Savage-garden-i-knew-i-loved-you-lyrics
200007,2000,7,Amazed,Lonestar,https://genius.com/Lonestar-amazed-lyrics
200008,2000,8,Bent,Matchbox Twenty,https://genius.com/Matchbox-twenty-bent-lyrics
200009,2000,9,He Wasn't Man Enough,Toni Braxton,https://genius.com/Toni-braxton-he-wasnt-man-enough-lyrics
200010,2000,10,Higher,Creed,https://genius.com/Creed-higher-lyrics
199901,1999,1,Believe,Cher,https://genius.com/Cher-believe-lyrics
199902,1999,2,No Scrubs,TLC,https://genius.com/Tlc-no-scrubs-lyrics
199903,1999,3,Angel of Mine,Monica,https://genius.com/Monica-angel-of-mine-lyrics
199904,1999,4,Heartbreak Hotel,Whitney Houston featuring Faith Evans and Kelly Price,https://genius.com/Whitney-houston-heartbreak-hotel-lyrics
199905,1999,5,...Baby One More Time,Britney Spears,https://genius.com/Britney-spears-baby-one-more-time-lyrics
199906,1999,6,Kiss Me,Sixpence None the Richer,https://genius.com/Sixpence-none-the-richer-kiss-me-lyrics
199907,1999,7,Genie in a Bottle,Christina Aguilera,https://genius.com/Christina-aguilera-genie-in-a-bottle-lyrics
199908,1999,8,Every Morning,Sugar Ray,https://genius.com/Sugar-ray-every-morning-lyrics
199909,1999,9,Nobody's Supposed to Be Here,Deborah Cox,https://genius.com/Deborah-cox-nobodys-supposed-to-be-here-lyrics
199910,1999,10,Where My Girls At?,702,https://genius.com/702-where-my-girls-at-lyrics
199801,1998,1,Too Close,Next,https://genius.com/Next-too-close-lyrics
199802,1998,2,The Boy Is Mine,Brandy and Monica,https://genius.com/Brandy-and-monica-the-boy-is-mine-lyrics
199803,1998,3,You're Still the One,Shania Twain,https://genius.com/Shania-twain-youre-still-the-one-lyrics
199804,1998,4,Truly Madly Deeply,Savage Garden,https://genius.com/Savage-garden-truly-madly-deeply-lyrics
199805,1998,5,How Do I Live,LeAnn Rimes,https://genius.com/Leann-rimes-how-do-i-live-lyrics
199806,1998,6,Together Again,Janet,https://genius.com/Janet-jackson-together-again-lyrics
199807,1998,7,All My Life,K-Ci & JoJo,https://genius.com/K-ci-and-jojo-all-my-life-lyrics
199808,1998,8,Candle in the Wind 1997 / Something About the Way You Look Tonight,Elton John,https://genius.com/Elton-john-candle-in-the-wind-1997-lyrics
199809,1998,9,Nice & Slow,Usher,https://genius.com/Usher-nice-and-slow-lyrics
199810,1998,10,I Don't Want to Wait,Paula Cole,https://genius.com/Paula-cole-i-dont-want-to-wait-lyrics
199701,1997,1,Candle in the Wind 1997 / Something About the Way You Look Tonight,Elton John,https://genius.com/Elton-john-candle-in-the-wind-1997-lyrics
199702,1997,2,You Were Meant for Me / Foolish Games,Jewel,https://genius.com/Jewel-you-were-meant-for-me-lyrics
199703,1997,3,I'll Be Missing You,Puff Daddy and Faith Evans featuring 112,https://genius.com/Diddy-ill-be-missing-you-lyrics
199704,1997,4,Un-Break My Heart,Toni Braxton,https://genius.com/Toni-braxton-un-break-my-heart-lyrics
199705,1997,5,Can't Nobody Hold Me Down,Puff Daddy featuring Mase,https://genius.com/Diddy-cant-nobody-hold-me-down-lyrics
199706,1997,6,I Believe I Can Fly,R. Kelly,https://genius.com/R-kelly-i-believe-i-can-fly-lyrics
199707,1997,7,Don't Let Go (Love),En Vogue,https://genius.com/En-vogue-dont-let-go-love-lyrics
199708,1997,8,Return of the Mack,Mark Morrison,https://genius.com/Mark-morrison-return-of-the-mack-lyrics
199709,1997,9,How Do I Live,LeAnn Rimes,https://genius.com/Leann-rimes-how-do-i-live-lyrics
199710,1997,10,Wannabe,Spice Girls,https://genius.com/Spice-girls-wannabe-lyrics
199601,1996,1,One Sweet Day,Mariah Carey and Boyz II Men,https://genius.com/Mariah-carey-one-sweet-day-lyrics
199602,1996,2,Because You Loved Me,Celine Dion,https://genius.com/Celine-dion-because-you-loved-me-lyrics
199603,1996,3,Nobody Knows,The Tony Rich Project,https://genius.com/The-tony-rich-project-nobody-knows-lyrics
199604,1996,4,Always Be My Baby,Mariah Carey,https://genius.com/Mariah-carey-always-be-my-baby-lyrics
199605,1996,5,Give Me One Reason,Tracy Chapman,https://genius.com/Tracy-chapman-give-me-one-reason-lyrics
199606,1996,6,Tha Crossroads,Bone Thugs-n-Harmony,https://genius.com/Bone-thugs-n-harmony-tha-crossroads-dj-u-neeks-mo-thug-remix-lyrics
199607,1996,7,I Love You Always Forever,Donna Lewis,https://genius.com/Donna-lewis-i-love-you-always-forever-lyrics
199608,1996,8,You're Makin' Me High / Let It Flow,Toni Braxton,https://genius.com/Toni-braxton-youre-makin-me-high-lyrics
199609,1996,9,Twisted,Keith Sweat,https://genius.com/Keith-sweat-twisted-lyrics
199610,1996,10,C'mon N' Ride It (The Train),Quad City DJ's,https://genius.com/Quad-city-djs-cmon-n-ride-it-the-train-lyrics
199501,1995,1,Gangsta's Paradise,Coolio featuring L.V.,https://genius.com/Coolio-gangstas-paradise-lyrics
199502,1995,2,Waterfalls,TLC,https://genius.com/Tlc-waterfalls-lyrics
199503,1995,3,Creep,TLC,https://genius.com/Tlc-creep-lyrics
199504,1995,4,Kiss from a Rose,Seal,https://genius.com/Seal-kiss-from-a-rose-lyrics
199505,1995,5,On Bended Knee,Boyz II Men,https://genius.com/Boyz-ii-men-on-bended-knee-lyrics
199506,1995,6,Another Night,Real McCoy,https://genius.com/Real-mccoy-another-night-lyrics
199507,1995,7,Fantasy,Mariah Carey,https://genius.com/Mariah-carey-fantasy-lyrics
199508,1995,8,Take a Bow,Madonna,https://genius.com/Madonna-take-a-bow-lyrics
199509,1995,9,Don't Take It Personal (Just One of Dem Days),Monica,https://genius.com/Monica-dont-take-it-personal-just-one-of-dem-days-lyrics
199510,1995,10,This Is How We Do It,Montell Jordan,https://genius.com/Montell-jordan-this-is-how-we-do-it-lyrics
199401,1994,1,The Sign,Ace of Base,https://genius.com/Ace-of-base-the-sign-lyrics
199402,1994,2,I Swear,All-4-One,https://genius.com/All-4-one-i-swear-lyrics
199403,1994,3,I'll Make Love to You,Boyz II Men,https://genius.com/Boyz-ii-men-ill-make-love-to-you-lyrics
199404,1994,4,The Power of Love,Celine Dion,https://genius.com/Celine-dion-the-power-of-love-lyrics
199405,1994,5,Hero,Mariah Carey,https://genius.com/Mariah-carey-hero-lyrics
199406,1994,6,Stay (I Missed You),Lisa Loeb and Nine Stories,https://genius.com/Lisa-loeb-and-nine-stories-stay-i-missed-you-lyrics
199407,1994,7,Breathe Again,Toni Braxton,https://genius.com/Toni-braxton-breathe-again-lyrics
199408,1994,8,All for Love,"Bryan Adams, Rod Stewart and Sting",https://genius.com/Bryan-adams-rod-stewart-and-sting-all-for-love-lyrics
199409,1994,9,All That She Wants,Ace of Base,https://genius.com/Ace-of-base-all-that-she-wants-lyrics
199410,1994,10,Don't Turn Around,Ace of Base,https://genius.com/Ace-of-base-dont-turn-around-lyrics
199301,1993,1,I Will Always Love You,Whitney Houston,https://genius.com/Whitney-houston-i-will-always-love-you-lyrics
199302,1993,2,Whoomp! (There It Is),Tag Team,https://genius.com/Tag-team-whoomp-there-it-is-lyrics
199303,1993,3,Can't Help Falling in Love,UB40,https://genius.com/Ub40-i-cant-help-falling-in-love-with-you-lyrics
199304,1993,4,That's the Way Love Goes,Janet Jackson,https://genius.com/Janet-jackson-thats-the-way-love-goes-lyrics
199305,1993,5,Freak Me,Silk,https://genius.com/Silk-freak-me-lyrics
199306,1993,6,Weak,SWV,https://genius.com/Swv-weak-lyrics
199307,1993,7,If I Ever Fall in Love,Shai,https://genius.com/Shai-if-i-ever-fall-in-love-original-acapella-version-lyrics
199308,1993,8,Dreamlover,Mariah Carey,https://genius.com/Mariah-carey-dreamlover-lyrics
199309,1993,9,Rump Shaker,Wreckx-n-Effect,https://genius.com/Wreckx-n-effect-rump-shaker-lyrics
199310,1993,10,Nuthin' but a 'G' Thang,Dr. Dre,https://genius.com/Dr-dre-nuthin-but-a-g-thang-lyrics
199201,1992,1,End of the Road,Boyz II Men,https://genius.com/Boyz-ii-men-end-of-the-road-lyrics
199202,1992,2,Baby Got Back,Sir Mix-a-Lot,https://genius.com/Sir-mix-a-lot-baby-got-back-lyrics
199203,1992,3,Jump,Kris Kross,https://genius.com/Kris-kross-jump-lyrics
199204,1992,4,Save the Best for Last,Vanessa Williams,https://genius.com/Vanessa-williams-save-the-best-for-last-lyrics
199205,1992,5,Baby-Baby-Baby,TLC,https://genius.com/Tlc-baby-baby-baby-lyrics
199206,1992,6,Tears in Heaven,Eric Clapton,https://genius.com/Eric-clapton-tears-in-heaven-lyrics
199207,1992,7,My Lovin' (You're Never Gonna Get It),En Vogue,https://genius.com/En-vogue-my-lovin-youre-never-gonna-get-it-lyrics
199208,1992,8,Under the Bridge,Red Hot Chili Peppers,https://genius.com/Red-hot-chili-peppers-under-the-bridge-lyrics
199209,1992,9,All 4 Love,Color Me Badd,https://genius.com/Color-me-badd-all-4-love-lyrics
199210,1992,10,Just Another Day,Jon Secada,https://genius.com/Jon-secada-just-another-day-lyrics
199101,1991,1,(Everything I Do) I Do It for You,Bryan Adams,https://genius.com/Bryan-adams-everything-i-do-i-do-it-for-you-lyrics
199102,1991,2,I Wanna Sex You Up,Color Me Badd,https://genius.com/Color-me-badd-i-wanna-sex-you-up-lyrics
199103,1991,3,Gonna Make You Sweat (Everybody Dance Now),C+C Music Factory,https://genius.com/C-c-music-factory-gonna-make-you-sweat-everybody-dance-now-lyrics
199104,1991,4,Rush Rush,Paula Abdul,https://genius.com/Paula-abdul-rush-rush-lyrics
199105,1991,5,One More Try,Timmy T,https://genius.com/Timmy-t-one-more-try-lyrics
199106,1991,6,Unbelievable,EMF,https://genius.com/Emf-unbelievable-lyrics
199107,1991,7,More Than Words,Extreme,https://genius.com/Extreme-more-than-words-lyrics
199108,1991,8,I Like the Way (The Kissing Game),Hi-Five,https://genius.com/Hi-five-i-like-the-way-the-kissing-game-lyrics
199109,1991,9,The First Time,Surface,https://genius.com/Surface-the-first-time-lyrics
199110,1991,10,Baby Baby,Amy Grant,https://genius.com/Amy-grant-baby-baby-lyrics
199001,1990,1,Hold On,Wilson Phillips,https://genius.com/Wilson-phillips-hold-on-lyrics
199002,1990,2,It Must Have Been Love,Roxette,https://genius.com/Roxette-it-must-have-been-love-lyrics
199003,1990,3,Nothing Compares 2 U,Sinéad O'Connor,https://genius.com/Sinead-oconnor-nothing-compares-2-u-lyrics
199004,1990,4,Poison,Bell Biv DeVoe,https://genius.com/Bell-biv-devoe-poison-lyrics
199005,1990,5,Vogue,Madonna,https://genius.com/Madonna-vogue-lyrics
199006,1990,6,Vision of Love,Mariah Carey,https://genius.com/Mariah-carey-vision-of-love-lyrics
199007,1990,7,Another Day in Paradise,Phil Collins,https://genius.com/Phil-collins-another-day-in-paradise-lyrics
199008,1990,8,Hold On,En Vogue,https://genius.com/En-vogue-hold-on-lyrics
199009,1990,9,Cradle of Love,Billy Idol,https://genius.com/Billy-idol-cradle-of-love-lyrics
199010,1990,10,Blaze of Glory,Jon Bon Jovi,https://genius.com/Jon-bon-jovi-blaze-of-glory-lyrics
198901,1989,1,Look Away,Chicago,https://genius.com/Chicago-look-away-lyrics
198902,1989,2,My Prerogative,Bobby Brown,https://genius.com/Bobby-brown-my-prerogative-lyrics
198903,1989,3,Every Rose Has Its Thorn,Poison,https://genius.com/Poison-every-rose-has-its-thorn-lyrics
198904,1989,4,Straight Up,Paula Abdul,https://genius.com/Paula-abdul-straight-up-lyrics
198905,1989,5,Miss You Much,Janet Jackson,https://genius.com/Janet-jackson-miss-you-much-lyrics
198906,1989,6,Cold Hearted,Paula Abdul,https://genius.com/Paula-abdul-cold-hearted-lyrics
198907,1989,7,Wind Beneath My Wings,Bette Midler,https://genius.com/Bette-midler-wind-beneath-my-wings-lyrics
198908,1989,8,Girl You Know It's True,Milli Vanilli,https://genius.com/Milli-vanilli-girl-you-know-its-true-lyrics
198909,1989,9,"Baby, I Love Your Way/Freebird Medley",Will to Power,https://genius.com/Will-to-power-baby-i-love-your-way-freebird-medley-lyrics
198910,1989,10,Giving You the Best That I Got,Anita Baker,https://genius.com/Anita-baker-giving-you-the-best-that-i-got-lyrics
198801,1988,1,Faith,George Michael,https://genius.com/George-michael-faith-lyrics
198802,1988,2,Need You Tonight,INXS,https://genius.com/Inxs-need-you-tonight-lyrics
198803,1988,3,Got My Mind Set on You,George Harrison,https://genius.com/George-harrison-got-my-mind-set-on-you-lyrics
198804,1988,4,Never Gonna Give You Up,Rick Astley,https://genius.com/Rick-astley-never-gonna-give-you-up-lyrics
198805,1988,5,Sweet Child o' Mine,Guns N' Roses,https://genius.com/Guns-n-roses-sweet-child-o-mine-lyrics
198806,1988,6,So Emotional,Whitney Houston,https://genius.com/Whitney-houston-so-emotional-lyrics
198807,1988,7,Heaven Is a Place on Earth,Belinda Carlisle,https://genius.com/Belinda-carlisle-heaven-is-a-place-on-earth-lyrics
198808,1988,8,Could've Been,Tiffany,https://genius.com/Tiffany-couldve-been-lyrics
198809,1988,9,Hands to Heaven,Breathe,https://genius.com/Breathe-uk-hands-to-heaven-lyrics
198810,1988,10,Roll with It,Steve Winwood,https://genius.com/Steve-winwood-roll-with-it-lyrics
198701,1987,1,Walk Like An Egyptian,The Bangles,https://genius.com/The-bangles-walk-like-an-egyptian-lyrics
198702,1987,2,Alone,Heart,https://genius.com/Heart-alone-lyrics
198703,1987,3,Shake You Down,Gregory Abbott,https://genius.com/Gregory-abbott-shake-you-down-lyrics
198704,1987,4,I Wanna Dance with Somebody (Who Loves Me),Whitney Houston,https://genius.com/Whitney-houston-i-wanna-dance-with-somebody-who-loves-me-lyrics
198705,1987,5,Nothing's Gonna Stop Us Now,Starship,https://genius.com/Starship-nothings-gonna-stop-us-now-lyrics
198706,1987,6,C'est La Vie,Robbie Nevil,https://genius.com/Robbie-nevil-cest-la-vie-lyrics
198707,1987,7,Here I Go Again,Whitesnake,https://genius.com/Whitesnake-here-i-go-again-lyrics
198708,1987,8,The Way It Is,Bruce Hornsby and the Range,https://genius.com/Bruce-hornsby-and-the-range-the-way-it-is-lyrics
198709,1987,9,Shakedown,Bob Seger,https://genius.com/Bob-seger-shakedown-lyrics
198710,1987,10,Livin' on a Prayer,Bon Jovi,https://genius.com/Bon-jovi-livin-on-a-prayer-lyrics
198601,1986,1,That's What Friends Are For,"Dionne and Friends (Dionne Warwick, Gladys Knight, Elton John and Stevie Wonder)",https://genius.com/Dionne-warwick-thats-what-friends-are-for-lyrics
198602,1986,2,"Say You, Say Me",Lionel Richie,https://genius.com/Lionel-richie-say-you-say-me-lyrics
198603,1986,3,I Miss You,Klymaxx,https://genius.com/Klymaxx-i-miss-you-lyrics
198604,1986,4,On My Own,Patti LaBelle and Michael McDonald,https://genius.com/Patti-labelle-on-my-own-lyrics
198605,1986,5,Broken Wings,Mr. Mister,https://genius.com/Mr-mister-broken-wings-lyrics
198606,1986,6,How Will I Know,Whitney Houston,https://genius.com/Whitney-houston-how-will-i-know-lyrics
198607,1986,7,Party All the Time,Eddie Murphy,https://genius.com/Eddie-murphy-party-all-the-time-lyrics
198608,1986,8,Burning Heart,Survivor,https://genius.com/Survivor-burning-heart-lyrics
198609,1986,9,Kyrie,Mr. Mister,https://genius.com/Mr-mister-kyrie-lyrics
198610,1986,10,Addicted to Love,Robert Palmer,https://genius.com/Robert-palmer-addicted-to-love-lyrics
198501,1985,1,Careless Whisper,Wham!,https://genius.com/Wham-careless-whisper-lyrics
198502,1985,2,Like a Virgin,Madonna,https://genius.com/Madonna-like-a-virgin-lyrics
198503,1985,3,Wake Me Up Before You Go-Go,Wham!,https://genius.com/Wham-wake-me-up-before-you-go-go-lyrics
198504,1985,4,I Want to Know What Love Is,Foreigner,https://genius.com/Foreigner-i-want-to-know-what-love-is-lyrics
198505,1985,5,I Feel for You,Chaka Khan,https://genius.com/Chaka-khan-i-feel-for-you-lyrics
198506,1985,6,Out of Touch,Daryl Hall & John Oates,https://genius.com/Hall-and-oates-out-of-touch-lyrics
198507,1985,7,Everybody Wants to Rule the World,Tears for Fears,https://genius.com/Tears-for-fears-everybody-wants-to-rule-the-world-lyrics
198508,1985,8,Money for Nothing,Dire Straits,https://genius.com/Dire-straits-money-for-nothing-lyrics
198509,1985,9,Crazy for You,Madonna,https://genius.com/Madonna-crazy-for-you-lyrics
198510,1985,10,Take On Me,a-ha,https://genius.com/A-ha-take-on-me-lyrics
198401,1984,1,When Doves Cry,Prince,https://genius.com/Prince-and-the-revolution-when-doves-cry-lyrics
198402,1984,2,What's Love Got to Do with It,Tina Turner,https://genius.com/Tina-turner-whats-love-got-to-do-with-it-lyrics
198403,1984,3,Say Say Say,Paul McCartney and Michael Jackson,https://genius.com/Paul-mccartney-say-say-say-lyrics
198404,1984,4,Footloose,Kenny Loggins,https://genius.com/Kenny-loggins-footloose-lyrics
198405,1984,5,Against All Odds (Take a Look at Me Now),Phil Collins,https://genius.com/Phil-collins-against-all-odds-take-a-look-at-me-now-lyrics
198406,1984,6,Jump,Van Halen,https://genius.com/Van-halen-jump-lyrics
198407,1984,7,Hello,Lionel Richie,https://genius.com/Lionel-richie-hello-lyrics
198408,1984,8,Owner of a Lonely Heart,Yes,https://genius.com/Yes-owner-of-a-lonely-heart-lyrics
198409,1984,9,Ghostbusters,Ray Parker Jr.,https://genius.com/Ray-parker-jr-ghostbusters-lyrics
198410,1984,10,Karma Chameleon,Culture Club,https://genius.com/Culture-club-karma-chameleon-lyrics
198301,1983,1,Every Breath You Take,The Police,https://genius.com/The-police-every-breath-you-take-lyrics
198302,1983,2,Billie Jean,Michael Jackson,https://genius.com/Michael-jackson-billie-jean-lyrics
198303,1983,3,Flashdance... What a Feeling,Irene Cara,https://genius.com/Irene-cara-flashdance-what-a-feeling-lyrics
198304,1983,4,Down Under,Men at Work,https://genius.com/Men-at-work-down-under-lyrics
198305,1983,5,Beat It,Michael Jackson,https://genius.com/Michael-jackson-beat-it-lyrics
198306,1983,6,Total Eclipse of the Heart,Bonnie Tyler,https://genius.com/Bonnie-tyler-total-eclipse-of-the-heart-lyrics
198307,1983,7,Maneater,Hall & Oates,https://genius.com/Hall-and-oates-maneater-lyrics
198308,1983,8,"Baby, Come to Me",Patti Austin and James Ingram,https://genius.com/Patti-austin-baby-come-to-me-lyrics
198309,1983,9,Maniac,Michael Sembello,https://genius.com/Michael-sembello-maniac-lyrics
198310,1983,10,Sweet Dreams (Are Made of This),Eurythmics,https://genius.com/Eurythmics-sweet-dreams-are-made-of-this-lyrics
198201,1982,1,Physical,Olivia Newton-John,https://genius.com/Olivia-newton-john-physical-lyrics
198202,1982,2,Eye of the Tiger,Survivor,https://genius.com/Survivor-eye-of-the-tiger-lyrics
198203,1982,3,I Love Rock 'n Roll,Joan Jett & The Blackhearts,https://genius.com/Joan-jett-and-the-blackhearts-i-love-rock-n-roll-lyrics
198204,1982,4,Ebony and Ivory,Paul McCartney and Stevie Wonder,https://genius.com/Paul-mccartney-ebony-and-ivory-lyrics
198205,1982,5,Centerfold,The J. Geils Band,https://genius.com/The-j-geils-band-centerfold-lyrics
198206,1982,6,Don't You Want Me,The Human League,https://genius.com/The-human-league-dont-you-want-me-lyrics
198207,1982,7,Jack & Diane,John Cougar,https://genius.com/John-mellencamp-jack-and-diane-lyrics
198208,1982,8,Hurts So Good,John Cougar,https://genius.com/John-mellencamp-hurts-so-good-lyrics
198209,1982,9,Abracadabra,Steve Miller Band,https://genius.com/Steve-miller-band-abracadabra-lyrics
198210,1982,10,Hard to Say I'm Sorry,Chicago,https://genius.com/Chicago-hard-to-say-im-sorry-lyrics
198101,1981,1,Bette Davis Eyes,Kim Carnes,https://genius.com/Kim-carnes-bette-davis-eyes-lyrics
198102,1981,2,Endless Love,Diana Ross & Lionel Richie,https://genius.com/Lionel-richie-and-diana-ross-endless-love-lyrics
198103,1981,3,Lady,Kenny Rogers,https://genius.com/Kenny-rogers-lady-lyrics
198104,1981,4,(Just Like) Starting Over,John Lennon,https://genius.com/John-lennon-just-like-starting-over-lyrics
198105,1981,5,Jessie's Girl,Rick Springfield,https://genius.com/Rick-springfield-jessies-girl-lyrics
198106,1981,6,Celebration,Kool & the Gang,https://genius.com/Kool-and-the-gang-celebration-lyrics
198107,1981,7,Kiss on My List,Hall & Oates,https://genius.com/Hall-and-oates-kiss-on-my-list-lyrics
198108,1981,8,I Love a Rainy Night,Eddie Rabbitt,https://genius.com/Eddie-rabbitt-i-love-a-rainy-night-lyrics
198109,1981,9,9 To 5,Dolly Parton,https://genius.com/Dolly-parton-9-to-5-lyrics
198110,1981,10,Keep on Loving You,REO Speedwagon,https://genius.com/Reo-speedwagon-keep-on-loving-you-lyrics
198001,1980,1,Call Me,Blondie,https://genius.com/Blondie-call-me-lyrics
198002,1980,2,"Another Brick in the Wall, Part II",Pink Floyd,https://genius.com/Pink-floyd-another-brick-in-the-wall-pt-2-lyrics
198003,1980,3,Magic,Olivia Newton-John,https://genius.com/Olivia-newton-john-magic-lyrics
198004,1980,4,Rock with You,Michael Jackson,https://genius.com/Michael-jackson-rock-with-you-lyrics
198005,1980,5,Do That to Me One More Time,Captain & Tennille,https://genius.com/Captain-and-tennille-do-that-to-me-one-more-time-lyrics
198006,1980,6,Crazy Little Thing Called Love,Queen,https://genius.com/Queen-crazy-little-thing-called-love-lyrics
198007,1980,7,Coming Up,Paul McCartney,https://genius.com/Paul-mccartney-coming-up-lyrics
198008,1980,8,Funkytown,Lipps Inc,https://genius.com/Lipps-inc-funkytown-lyrics
198009,1980,9,It's Still Rock and Roll to Me,Billy Joel,https://genius.com/Billy-joel-its-still-rock-and-roll-to-me-lyrics
198010,1980,10,The Rose,Bette Midler,https://genius.com/Bette-midler-the-rose-lyrics
197901,1979,1,My Sharona,The Knack,https://genius.com/The-knack-my-sharona-lyrics
197902,1979,2,Bad Girls,Donna Summer,https://genius.com/Donna-summer-bad-girls-lyrics
197903,1979,3,Da Ya Think I'm Sexy?,Rod Stewart,https://genius.com/Rod-stewart-da-ya-think-im-sexy-lyrics
197904,1979,4,Reunited,Peaches & Herb,https://genius.com/Peaches-and-herb-reunited-lyrics
197905,1979,5,I Will Survive,Gloria Gaynor,https://genius.com/Gloria-gaynor-i-will-survive-lyrics
197906,1979,6,Hot Stuff,Donna Summer,https://genius.com/Donna-summer-hot-stuff-lyrics
197907,1979,7,Y.M.C.A.,Village People,https://genius.com/Village-people-ymca-lyrics
197908,1979,8,Ring My Bell,Anita Ward,https://genius.com/Anita-ward-ring-my-bell-lyrics
197909,1979,9,Sad Eyes,Robert John,https://genius.com/Robert-john-sad-eyes-lyrics
197910,1979,10,Too Much Heaven,Bee Gees,https://genius.com/Bee-gees-too-much-heaven-lyrics
197801,1978,1,Shadow Dancing,Andy Gibb,https://genius.com/Andy-gibb-shadow-dancing-lyrics
197802,1978,2,Night Fever,Bee Gees,https://genius.com/Bee-gees-night-fever-lyrics
197803,1978,3,You Light Up My Life,Debby Boone,https://genius.com/Debby-boone-you-light-up-my-life-lyrics
197804,1978,4,Stayin' Alive,Bee Gees,https://genius.com/Bee-gees-stayin-alive-lyrics
197805,1978,5,Kiss You All Over,Exile,https://genius.com/Exile-band-kiss-you-all-over-lyrics
197806,1978,6,How Deep Is Your Love,Bee Gees,https://genius.com/Bee-gees-how-deep-is-your-love-lyrics
197807,1978,7,Baby Come Back,Player,https://genius.com/Player-baby-come-back-lyrics
197808,1978,8,(Love Is) Thicker Than Water,Andy Gibb,https://genius.com/Andy-gibb-love-is-thicker-than-water-lyrics
197809,1978,9,Boogie Oogie Oogie,A Taste of Honey,https://genius.com/A-taste-of-honey-boogie-oogie-oogie-lyrics
197810,1978,10,Three Times a Lady,Commodores,https://genius.com/Commodores-three-times-a-lady-lyrics
197701,1977,1,Tonight's the Night (Gonna Be Alright),Rod Stewart,https://genius.com/Rod-stewart-tonights-the-night-gonna-be-alright-lyrics
197702,1977,2,I Just Want to Be Your Everything,Andy Gibb,https://genius.com/Andy-gibb-i-just-want-to-be-your-everything-lyrics
197703,1977,3,Best of My Love,The Emotions,https://genius.com/The-emotions-best-of-my-love-lyrics
197704,1977,4,Evergreen (Love Theme from A Star Is Born),Barbra Streisand,https://genius.com/Barbra-streisand-and-kris-kristofferson-reprise-love-theme-from-a-star-is-born-evergreen-lyrics
197705,1977,5,Angel in Your Arms,Hot,https://genius.com/Hot-girl-group-angel-in-your-arms-lyrics
197706,1977,6,I Like Dreamin',Kenny Nolan,https://genius.com/Kenny-nolan-i-like-dreamin-lyrics
197707,1977,7,Don't Leave Me This Way,Thelma Houston,https://genius.com/Thelma-houston-dont-leave-me-this-way-lyrics
197708,1977,8,(Your Love Has Lifted Me) Higher and Higher,Rita Coolidge,https://genius.com/Rita-coolidge-your-love-has-lifted-me-higher-and-higher-lyrics
197709,1977,9,Undercover Angel,Alan O'Day,https://genius.com/Alan-oday-undercover-angel-lyrics
197710,1977,10,Torn Between Two Lovers,Mary MacGregor,https://genius.com/Mary-macgregor-torn-between-two-lovers-lyrics
197601,1976,1,Silly Love Songs,Wings,https://genius.com/Paul-mccartney-and-wings-silly-love-songs-lyrics
197602,1976,2,Don't Go Breaking My Heart,Elton John & Kiki Dee,https://genius.com/Elton-john-and-kiki-dee-dont-go-breaking-my-heart-lyrics
197603,1976,3,Disco Lady,Johnnie Taylor,https://genius.com/Johnnie-taylor-disco-lady-lyrics
197604,1976,4,"December, 1963 (Oh, What a Night)",The Four Seasons,https://genius.com/The-four-seasons-december-1963-oh-what-a-night-lyrics
197605,1976,5,Play That Funky Music,Wild Cherry,https://genius.com/Wild-cherry-play-that-funky-music-lyrics
197606,1976,6,Kiss and Say Goodbye,The Manhattans,https://genius.com/The-manhattans-kiss-and-say-goodbye-lyrics
197607,1976,7,Love Machine,The Miracles,https://genius.com/The-miracles-love-machine-lyrics
197608,1976,8,50 Ways to Leave Your Lover,Paul Simon,https://genius.com/Paul-simon-50-ways-to-leave-your-lover-lyrics
197609,1976,9,Love Is Alive,Gary Wright,https://genius.com/Gary-wright-love-is-alive-lyrics
197610,1976,10,"""Sara Smile""",Hall & Oates,https://genius.com/Hall-and-oates-sara-smile-lyrics
197501,1975,1,Love Will Keep Us Together,Captain & Tennille,https://genius.com/Captain-and-tennille-love-will-keep-us-together-lyrics
197502,1975,2,Rhinestone Cowboy,Glen Campbell,https://genius.com/Glen-campbell-rhinestone-cowboy-lyrics
197503,1975,3,Philadelphia Freedom,Elton John,https://genius.com/Elton-john-philadelphia-freedom-lyrics
197504,1975,4,My Eyes Adored You,Frankie Valli,https://genius.com/Frankie-valli-my-eyes-adored-you-lyrics
197505,1975,5,Some Kind of Wonderful,Grand Funk,https://genius.com/Grand-funk-railroad-some-kind-of-wonderful-lyrics
197506,1975,6,Shining Star,"Earth, Wind & Fire",https://genius.com/Earth-wind-and-fire-shining-star-lyrics
197507,1975,7,Fame,David Bowie,https://genius.com/David-bowie-fame-lyrics
197508,1975,8,Laughter in the Rain,Neil Sedaka,https://genius.com/Neil-sedaka-laughter-in-the-rain-lyrics
197509,1975,9,One of These Nights,Eagles,https://genius.com/Eagles-one-of-these-nights-lyrics
197510,1975,10,Thank God I'm a Country Boy,John Denver,https://genius.com/John-denver-thank-god-im-a-country-boy-lyrics
197401,1974,1,The Way We Were,Barbra Streisand,https://genius.com/Barbra-streisand-the-way-we-were-lyrics
197402,1974,2,Seasons in the Sun,Terry Jacks,https://genius.com/Terry-jacks-seasons-in-the-sun-lyrics
197403,1974,3,Come and Get Your Love,Redbone,https://genius.com/Redbone-come-and-get-your-love-lyrics
197404,1974,4,Dancing Machine,The Jackson 5,https://genius.com/The-jackson-5-dancing-machine-lyrics
197405,1974,5,The Loco-Motion,Grand Funk Railroad,https://genius.com/Grand-funk-railroad-the-loco-motion-lyrics
197406,1974,6,TSOP (The Sound of Philadelphia),MFSB,https://genius.com/Mfsb-tsop-the-sound-of-philadelphia-lyrics
197407,1974,7,The Streak,Ray Stevens,https://genius.com/Ray-stevens-the-streak-lyrics
197408,1974,8,Bennie and the Jets,Elton John,https://genius.com/Elton-john-bennie-and-the-jets-lyrics
197409,1974,9,One Hell of a Woman,Mac Davis,https://www.azlyrics.com/lyrics/macdavis/onehellofawoman.html
197410,1974,10,Until You Come Back to Me (That's What I'm Gonna Do),Aretha Franklin,https://genius.com/Aretha-franklin-until-you-come-back-to-me-thats-what-im-gonna-do-lyrics
197301,1973,1,Tie a Yellow Ribbon Round the Ole Oak Tree,Tony Orlando and Dawn,https://genius.com/Tony-orlando-and-dawn-tie-a-yellow-ribbon-round-the-ole-oak-tree-lyrics
197302,1973,2,"Bad, Bad Leroy Brown",Jim Croce,https://genius.com/Jim-croce-bad-bad-leroy-brown-lyrics
197303,1973,3,Killing Me Softly with His Song,Roberta Flack,https://genius.com/Roberta-flack-killing-me-softly-with-his-song-lyrics
197304,1973,4,Let's Get It On,Marvin Gaye,https://genius.com/Marvin-gaye-lets-get-it-on-lyrics
197305,1973,5,My Love,Paul McCartney & Wings,https://genius.com/Paul-mccartney-and-wings-my-love-lyrics
197306,1973,6,Why Me,Kris Kristofferson,https://genius.com/Kris-kristofferson-why-me-lyrics
197307,1973,7,Crocodile Rock,Elton John,https://genius.com/Elton-john-crocodile-rock-lyrics
197308,1973,8,Will It Go Round in Circles,Billy Preston,https://genius.com/Billy-preston-will-it-go-round-in-circles-lyrics
197309,1973,9,You're So Vain,Carly Simon,https://genius.com/Carly-simon-youre-so-vain-lyrics
197310,1973,10,Touch Me in the Morning,Diana Ross,https://genius.com/Diana-ross-touch-me-in-the-morning-lyrics
197201,1972,1,The First Time Ever I Saw Your Face,Roberta Flack,https://genius.com/Roberta-flack-the-first-time-ever-i-saw-your-face-lyrics
197202,1972,2,Alone Again (Naturally),Gilbert O'Sullivan,https://genius.com/Gilbert-osullivan-alone-again-naturally-lyrics
197203,1972,3,American Pie,Don McLean,https://genius.com/Don-mclean-american-pie-lyrics
197204,1972,4,Without You,Harry Nilsson,https://genius.com/Harry-nilsson-without-you-lyrics
197205,1972,5,The Candy Man,Sammy Davis Jr.,https://genius.com/Sammy-davis-jr-the-candy-man-lyrics
197206,1972,6,I Gotcha,Joe Tex,https://genius.com/Joe-tex-i-gotcha-lyrics
197207,1972,7,Lean on Me,Bill Withers,https://genius.com/Bill-withers-lean-on-me-lyrics
197208,1972,8,"Baby, Don't Get Hooked on Me",Mac Davis,https://genius.com/Mac-davis-baby-dont-get-hooked-on-me-lyrics
197209,1972,9,Brand New Key,Melanie,https://genius.com/Melanie-brand-new-key-lyrics
197210,1972,10,Daddy Don't You Walk So Fast,Wayne Newton,https://genius.com/Wayne-newton-daddy-dont-you-walk-so-fast-lyrics
197101,1971,1,Joy to the World,Three Dog Night,https://genius.com/Three-dog-night-joy-to-the-world-lyrics
197102,1971,2,Maggie May/Reason to Believe,Rod Stewart,https://genius.com/Rod-stewart-maggie-may-lyrics
197103,1971,3,It's Too Late/I Feel the Earth Move,Carole King,https://genius.com/Carole-king-its-too-late-lyrics
197104,1971,4,One Bad Apple,The Osmonds,https://genius.com/The-osmonds-one-bad-apple-lyrics
197105,1971,5,How Can You Mend a Broken Heart,Bee Gees,https://genius.com/Bee-gees-how-can-you-mend-a-broken-heart-lyrics
197106,1971,6,Indian Reservation (The Lament of the Cherokee Reservation Indian),Raiders,https://genius.com/Paul-revere-and-the-raiders-indian-reservation-the-lament-of-the-cherokee-reservation-indian-lyrics
197107,1971,7,Go Away Little Girl,Donny Osmond,https://genius.com/Donny-osmond-go-away-little-girl-lyrics
197108,1971,8,"Take Me Home, Country Roads",John Denver,https://genius.com/John-denver-take-me-home-country-roads-lyrics
197109,1971,9,Just My Imagination (Running Away with Me),The Temptations,https://genius.com/The-temptations-just-my-imagination-running-away-with-me-lyrics
197110,1971,10,Knock Three Times,Tony Orlando and Dawn,https://genius.com/Tony-orlando-and-dawn-knock-three-times-lyrics
197001,1970,1,Bridge Over Troubled Water,Simon & Garfunkel,https://genius.com/Simon-and-garfunkel-bridge-over-troubled-water-lyrics
197002,1970,2,(They Long to Be) Close to You,The Carpenters,https://genius.com/Carpenters-they-long-to-be-close-to-you-lyrics
197003,1970,3,American Woman,The Guess Who,https://genius.com/The-guess-who-american-woman-lyrics
197004,1970,4,Raindrops Keep Fallin' on My Head,B.J. Thomas,https://genius.com/Bj-thomas-raindrops-keep-fallin-on-my-head-lyrics
197005,1970,5,War,Edwin Starr,https://genius.com/Edwin-starr-war-lyrics
197006,1970,6,Ain't No Mountain High Enough,Diana Ross,https://genius.com/Diana-ross-aint-no-mountain-high-enough-lyrics
197007,1970,7,I'll Be There,The Jackson 5,https://genius.com/The-jackson-5-ill-be-there-lyrics
197008,1970,8,Get Ready,Rare Earth,https://genius.com/Rare-earth-get-ready-lyrics
197009,1970,9,Let It Be,The Beatles,https://genius.com/The-beatles-let-it-be-lyrics
197010,1970,10,Band of Gold,Freda Payne,https://genius.com/Freda-payne-band-of-gold-lyrics